,Volume,dfMLRPerDiff,WinReal,Strategy,Confidence
2022-01-26,-0.602,0.3054356502414717,False,Buy,0.9624413145539906
2022-01-27,-0.0028619785308837,0.2478889422641528,True,Buy,0.92018779342723
2022-01-28,0.0208837966918945,0.2182931591953825,True,Buy,0.8779342723004695
2022-01-29,-0.602,0.200041605362802,False,Buy,0.8685446009389671
2022-01-30,0.0124788861274719,0.2275808113504949,False,Buy,0.8967136150234741
2022-01-31,-0.602,0.2519524116826834,True,Buy,0.9248826291079812
2022-02-01,0.0361494998931885,0.231402450105653,False,Buy,0.9107981220657277
2022-02-02,0.0083565692901611,0.2759137998247505,True,Buy,0.9436619718309859
2022-02-03,0.0253555755615234,0.2290595988428199,True,Buy,0.9014084507042254
2022-02-04,0.044397054195404,0.1265725137823563,True,Buy,0.7934272300469484
2022-02-05,0.0364428143501281,0.0521002080544417,True,Buy,0.5211267605633803
2022-02-06,0.0172313432693481,0.0286793124093633,True,Buy,0.36619718309859156
2022-02-07,0.0089048128128051,-0.030341766577161,False,Buy,0.28169014084507044
2022-02-08,0.0036246757507324,-0.0377718898343344,True,Buy,0.2300469483568075
2022-02-09,-0.602,-0.081344651173018,False,Sell,0.7735849056603774
2022-02-10,-0.0003004093170165,-0.0458191493329214,False,Sell,0.6698113207547169
2022-02-11,0.0420402865409851,0.0144153869724692,True,Buy,0.5774647887323944
2022-02-12,-0.602,-0.0282169474531703,True,Sell,0.5754716981132075
2022-02-13,-0.602,-0.0421152802616002,False,Sell,0.6556603773584906
2022-02-14,-0.602,-0.0434941806862577,True,Sell,0.6650943396226415
2022-02-15,0.0214056949615478,-0.0997704218055386,False,Buy,0.39436619718309857
2022-02-16,-0.0186831970214843,-0.0688757871482597,False,Sell,0.7405660377358491
2022-02-17,0.0562721471786499,0.0065433983666325,False,Buy,0.704225352112676
2022-02-18,0.0090802888870239,0.0061191372041173,True,Buy,0.2863849765258216
2022-02-19,-0.0594028849601745,0.0024212152518672,False,Buy,0.2112676056338028
2022-02-20,-0.602,0.036002277292902,False,Buy,0.39436619718309857
2022-02-21,0.0425264220237732,0.1008300453581707,True,Buy,0.7230046948356808
2022-02-22,-0.0064858813285827,0.0695908718744771,False,Buy,0.5586854460093896
2022-02-23,-0.0213530678749084,0.0861206786720811,True,Buy,0.6525821596244131
2022-02-24,-0.016687693119049,0.0424257919664674,True,Buy,0.4084507042253521
2022-02-25,-0.0116394777297973,0.014457248539939,True,Buy,0.25821596244131456
2022-02-26,-0.0355271716117858,-0.0060750480957645,False,Sell,0.7169811320754716
2022-02-27,-0.0274043698310851,0.0263886498855705,True,Buy,0.3427230046948357
2022-02-28,0.0404053907394409,-0.077343234586921,False,Buy,0.5586854460093896
2022-03-01,0.0511327366828918,-0.0402743616916779,False,Buy,0.6572769953051644
2022-03-02,-0.602,-0.013081768372964,False,Sell,0.49528301886792453
2022-03-03,0.0229272227287292,0.0065805442182285,False,Buy,0.39906103286384975
2022-03-04,-0.0342657585144042,0.0950286169676517,True,Buy,0.6995305164319249
2022-03-05,-0.602,0.0739287218426218,False,Buy,0.6009389671361502
2022-03-06,-0.0500226039886474,0.1129389889284802,False,Buy,0.7652582159624414
2022-03-07,-0.602,0.1347485680836813,True,Buy,0.812206572769953
2022-03-08,-0.02705943775177,0.0709229320437687,True,Buy,0.5727699530516432
2022-03-09,-0.0080257077217101,-0.0168664421194653,False,Sell,0.5330188679245284
2022-03-10,0.0267810206413269,0.048366599019415,False,Buy,0.460093896713615
2022-03-11,-0.602,0.0449367357139787,True,Buy,0.4131455399061033
2022-03-12,-0.602,0.016854774839353,False,Buy,0.3004694835680751
2022-03-13,-0.0243994016647338,0.0641225701593395,True,Buy,0.5492957746478874
2022-03-14,-0.0727245230674743,-0.0059225824752857,True,Sell,0.8584905660377359
2022-03-15,-0.602,-0.010894044153894,True,Sell,0.4811320754716981
2022-03-16,0.0255038719177246,-0.0583009623625149,False,Buy,0.4131455399061033
2022-03-17,0.0342804770469665,-0.0496904339644453,True,Buy,0.5070422535211268
2022-03-18,-0.602,-0.0828906266907117,True,Sell,0.7783018867924528
2022-03-19,0.0327575783729553,-0.1447167928878948,False,Buy,0.49295774647887325
2022-03-20,0.0554501991271972,-0.1244753653372063,True,Buy,0.6948356807511737
2022-03-21,-0.0326327700614929,-0.1436770187220735,True,Sell,0.9150943396226415
2022-03-22,-0.602,-0.2213778992016997,False,Sell,0.9811320754716981
2022-03-23,-0.017918469429016,-0.1862558357321799,True,Sell,0.9669811320754716
2022-03-24,0.0509548764228821,-0.1979232912813531,False,Buy,0.6572769953051644
2022-03-25,-0.0205717701911926,-0.1726338763386518,False,Sell,0.9481132075471698
2022-03-26,0.0105935912132263,-0.1554441102529329,True,Buy,0.3004694835680751
2022-03-27,-0.602,-0.1655188684845852,False,Sell,0.9386792452830188
2022-03-28,-0.0428127665519714,-0.1420532165238279,True,Sell,0.910377358490566
2022-03-29,0.0332227330207824,-0.1523812177931561,True,Buy,0.49765258215962443
2022-03-30,-0.0160384197235107,-0.1755058670750432,True,Sell,0.9528301886792453
2022-03-31,-0.0197390336990356,-0.1807745796848791,False,Sell,0.9622641509433962
2022-04-01,-0.602,-0.1440144487893595,False,Sell,0.9150943396226415
2022-04-02,-0.602,-0.1268459037140137,True,Sell,0.8632075471698113
2022-04-03,-0.602,-0.1294527915661697,False,Sell,0.8773584905660378
2022-04-04,0.0452398638725281,-0.1129423856340944,False,Buy,0.6009389671361502
2022-04-05,-0.0315533299446105,-0.0844601768032509,False,Sell,0.7830188679245284
2022-04-06,0.02939408826828,0.0163664436457249,True,Buy,0.4694835680751174
2022-04-07,-0.0801301021575927,0.0187812215217031,False,Buy,0.3145539906103286
2022-04-08,0.0138065795898437,0.0551831742604644,True,Buy,0.48826291079812206
2022-04-09,-0.0052267928123473,0.0626732574261641,False,Buy,0.5352112676056338
2022-04-10,-0.0382942576408386,0.0623695206942331,False,Buy,0.5305164319248826
2022-04-11,-0.602,0.1680673536370465,True,Buy,0.8544600938967136
2022-04-12,0.0454496126174926,0.1349319522119356,True,Buy,0.8169014084507042
2022-04-13,0.0212118010520935,0.0017804845968905,False,Buy,0.39436619718309857
2022-04-14,-0.0500022192001342,0.0238513478149122,True,Buy,0.3286384976525822
2022-04-15,-0.0877153296470641,0.0264638147334104,True,Buy,0.3474178403755869
2022-04-16,-0.602,0.0198330877105565,False,Buy,0.3145539906103286
2022-04-17,0.041168568611145,0.0689075682014666,True,Buy,0.568075117370892
2022-04-18,-0.602,0.0330897336809989,True,Buy,0.38497652582159625
2022-04-19,-0.602,0.0342294841596684,False,Buy,0.39436619718309857
2022-04-20,-0.602,0.0610141271693931,False,Buy,0.5211267605633803
2022-04-21,-0.033746482849121,0.1051157153449362,True,Buy,0.7464788732394366
2022-04-22,0.0401384811401367,0.0797630578845438,False,Buy,0.6197183098591549
2022-04-23,-0.0925421137809753,0.1054975494237773,False,Buy,0.7511737089201878
2022-04-24,-0.602,0.1032814370962682,True,Buy,0.7417840375586855
2022-04-25,-0.602,0.0871827557415279,False,Buy,0.6572769953051644
2022-04-26,-0.602,0.1565073597359603,True,Buy,0.8356807511737089
2022-04-27,-0.602,0.0983822863302448,False,Buy,0.7089201877934272
2022-04-28,-0.602,0.0944770688988954,False,Buy,0.6995305164319249
2022-04-29,0.0394591670036316,0.1156882166560044,False,Buy,0.7652582159624414
2022-04-30,-0.602,0.1668165785911972,True,Buy,0.8497652582159625
2022-05-01,-0.602,0.1330928583930282,True,Buy,0.8075117370892019
2022-05-02,-0.602,0.116458040210053,False,Buy,0.7652582159624414
2022-05-03,0.0077760200500488,0.1385101542946256,True,Buy,0.8309859154929577
2022-05-04,-0.0567598958015441,0.0539223829327255,False,Buy,0.4835680751173709
2022-05-05,-0.0762071032524108,0.1417630497586666,False,Buy,0.8356807511737089
2022-05-06,-0.602,0.1233449017651218,False,Buy,0.784037558685446
2022-05-07,-0.602,0.1577806302665745,False,Buy,0.8450704225352113
2022-05-08,-0.602,0.1645198594764181,False,Buy,0.8450704225352113
2022-05-09,-0.602,0.3807857330953614,True,Buy,0.9812206572769953
2022-05-10,-0.602,0.3059021755548516,False,Buy,0.9624413145539906
2022-05-11,-0.602,0.5459264346858268,False,Buy,0.9953051643192489
2022-05-12,-0.0478956718444824,0.485232181295288,True,Buy,0.9906103286384976
2022-05-13,0.0283662061691284,0.3276091144779105,True,Buy,0.9671361502347418
2022-05-14,-0.602,0.2315913289706619,True,Buy,0.9107981220657277
2022-05-15,0.0499672870635986,0.2001806296834924,False,Buy,0.8685446009389671
2022-05-16,-0.602,0.2742926963045733,True,Buy,0.9389671361502347
2022-05-17,-0.0837270040512084,0.2136702629066078,False,Buy,0.8779342723004695
2022-05-18,-0.0112719554901122,0.3098869762067193,True,Buy,0.9624413145539906
2022-05-19,-0.602,0.2485327397412866,False,Buy,0.9248826291079812
2022-05-20,-0.602,0.2200969401347066,True,Buy,0.8873239436619719
2022-05-21,-0.602,0.2252363031842716,True,Buy,0.892018779342723
2022-05-22,0.023185489654541,0.1674673327896403,False,Buy,0.8544600938967136
2022-05-23,0.0140071492195129,0.2306461442820759,True,Buy,0.9061032863849765
2022-05-24,-0.0756005663871765,0.2121920103372641,False,Buy,0.8779342723004695
2022-05-25,0.019958315372467,0.1994902314280768,False,Buy,0.8685446009389671
2022-05-26,-0.602,0.2592492607439822,False,Buy,0.9342723004694836
2022-05-27,0.0367973427772522,0.3021153392687574,True,Buy,0.9577464788732394
2022-05-28,-0.602,0.258926710114413,True,Buy,0.9295774647887324
2022-05-29,-0.602,0.2194392550014754,True,Buy,0.8826291079812206
2022-05-30,-0.602,0.1176999935188767,True,Buy,0.7652582159624414
2022-05-31,-0.021068157672882,0.0738837810318675,False,Buy,0.6009389671361502
2022-06-01,-0.0033001918792724,0.130572395659817,True,Buy,0.8028169014084507
2022-06-02,-0.0014184136390685,0.1402322414811396,False,Buy,0.8356807511737089
2022-06-03,-0.602,0.1247868918676584,True,Buy,0.784037558685446
2022-06-04,-0.0080183763504028,0.0853336594565905,False,Buy,0.6525821596244131
2022-06-05,-0.602,0.1369671787532167,True,Buy,0.8215962441314554
2022-06-06,-0.602,0.0822247634384545,False,Buy,0.6244131455399061
2022-06-07,-0.602,0.1112833815868339,False,Buy,0.7605633802816901
2022-06-08,-0.602,0.1665583388903575,False,Buy,0.8497652582159625
2022-06-09,-0.0526343603134155,0.1983529616215353,False,Buy,0.8685446009389671
2022-06-10,0.019479868888855,0.2471161711727754,False,Buy,0.92018779342723
2022-06-11,-0.602,0.318677565996353,False,Buy,0.9671361502347418
2022-06-12,-0.602,0.3997289529787788,False,Buy,0.9859154929577465
2022-06-13,0.0053170304298401,0.4461840475346199,False,Buy,0.9859154929577465
2022-06-14,-0.00570374917984,0.4622453358558049,True,Buy,0.9859154929577465
2022-06-15,0.0388262848854065,0.4495571525799129,False,Buy,0.9859154929577465
2022-06-16,-0.602,0.6253376280653771,True,Buy,0.9953051643192489
2022-06-17,-0.0404319782257079,0.3889503939573859,False,Buy,0.9859154929577465
2022-06-18,-0.602,0.3788429865026199,True,Buy,0.9765258215962441
2022-06-19,0.0441567282676697,0.311926756151561,False,Buy,0.9671361502347418
2022-06-20,-0.0044733304977416,0.2890464353348267,False,Buy,0.9483568075117371
2022-06-21,0.0102528910636902,0.2655362794756173,False,Buy,0.9389671361502347
2022-06-22,-0.602,0.3330494525087122,True,Buy,0.971830985915493
2022-06-23,-0.0134328622817992,0.2881737508331454,False,Buy,0.9483568075117371
2022-06-24,-0.602,0.2983062051467033,True,Buy,0.9530516431924883
2022-06-25,0.0122727136611938,0.2510890920342004,False,Buy,0.9248826291079812
2022-06-26,-0.0708091874122619,0.2537660825455627,False,Buy,0.9295774647887324
2022-06-27,-0.602,0.1977523760156003,False,Buy,0.8685446009389671
2022-06-28,-0.0437561888694763,0.2952613958398029,True,Buy,0.9483568075117371
2022-06-29,0.0551316123008728,0.2513335647356933,False,Buy,0.9248826291079812
2022-06-30,-0.0018643159866332,0.2346593165639108,False,Buy,0.9154929577464789
2022-07-01,0.004248676776886,0.2417012542304291,True,Buy,0.9154929577464789
2022-07-02,0.0130000691413879,0.1824174836689567,False,Buy,0.8685446009389671
2022-07-03,-0.602,0.202469972426768,True,Buy,0.8685446009389671
2022-07-04,0.0316023211479187,0.1486952459659987,False,Buy,0.8356807511737089
2022-07-05,-0.0217039008140563,0.1707834608062715,True,Buy,0.863849765258216
2022-07-06,-0.0177405495643615,0.0828142357186632,True,Buy,0.6244131455399061
2022-07-07,-0.0761788506507873,0.0469311417871129,False,Buy,0.4413145539906103
2022-07-08,0.0374293904304504,0.0312563492010997,True,Buy,0.539906103286385
2022-07-09,-0.602,-0.0051918079126753,False,Sell,0.46226415094339623
2022-07-10,-0.602,0.042639195016487,False,Buy,0.4131455399061033
2022-07-11,0.0170088987350464,0.1248405536530401,False,Buy,0.7887323943661971
2022-07-12,0.0344473700523376,0.1284644106533274,True,Buy,0.7981220657276995
2022-07-13,0.0456906538009643,0.0733810508904453,True,Buy,0.6056338028169014
2022-07-14,-0.0461543221473693,0.0463551529541479,True,Buy,0.43661971830985913
2022-07-15,-0.0141438264846801,0.0151162147597154,True,Buy,0.27699530516431925
2022-07-16,-0.059810878753662,-0.0303913973626797,True,Sell,0.8254716981132075
2022-07-17,-0.602,-0.0531150053872678,True,Sell,0.6839622641509434
2022-07-18,-0.03346413564682,-0.1346763319745171,True,Sell,0.8962264150943396
2022-07-19,-0.0291319508552551,-0.1789311947458006,False,Sell,0.9575471698113207
2022-07-20,-0.602,-0.1440073281516838,True,Sell,0.9150943396226415
2022-07-21,0.0499134640693664,-0.1400831478522785,True,Buy,0.6431924882629108
2022-07-22,-0.0868696589469909,-0.1501821869002456,False,Sell,0.9245283018867925
2022-07-23,-0.602,-0.1446458416722343,True,Sell,0.9198113207547169
2022-07-24,-0.602,-0.2050942063012548,False,Sell,0.9764150943396226
2022-07-25,0.0053333024978637,-0.1025773052079047,False,Buy,0.24882629107981222
2022-07-26,0.0033920984268188,-0.0968807331891619,True,Buy,0.22065727699530516
2022-07-27,0.0182675700187683,-0.1538379381182562,True,Buy,0.3755868544600939
2022-07-28,-0.602,-0.3024435256517097,False,Sell,0.9952830188679245
2022-07-29,-0.602,-0.2803020575921467,False,Sell,0.9905660377358491
2022-07-30,-0.602,-0.2497506395027315,False,Sell,0.9858490566037735
2022-07-31,0.0146720986366272,-0.1942158880121718,False,Buy,0.3380281690140845
2022-08-01,0.0331776123046875,-0.1682363857877924,False,Buy,0.49765258215962443
2022-08-02,-0.602,-0.1506096740801947,True,Sell,0.9292452830188679
2022-08-03,-0.602,-0.133096554492764,True,Sell,0.8962264150943396
2022-08-04,0.0022467951774597,-0.0042400151618446,True,Buy,0.215962441314554
2022-08-05,0.0409144740104675,-0.0519206600824829,True,Buy,0.5586854460093896
2022-08-06,-0.602,-0.0585679377484776,False,Sell,0.7075471698113207
2022-08-07,0.0133631210327148,-0.0310797296797131,True,Buy,0.323943661971831
2022-08-08,-0.602,-0.0543307196477601,False,Sell,0.6886792452830188
2022-08-09,0.0282724480628967,0.0089345685344817,True,Buy,0.45539906103286387
2022-08-10,-0.602,-0.0586453839810869,True,Sell,0.7122641509433962
2022-08-11,-0.0302532334327697,-0.0452586031619484,True,Sell,0.6839622641509434
2022-08-12,0.0087297539710998,-0.0665332707749385,True,Buy,0.27230046948356806
2022-08-13,0.0177503209114074,-0.0843668522850811,False,Buy,0.3755868544600939
2022-08-14,-0.602,-0.0710046212745135,False,Sell,0.7547169811320755
2022-08-15,0.0226173977851867,-0.061239808757675,False,Buy,0.39906103286384975
2022-08-16,-0.602,-0.0490160857942282,False,Sell,0.6745283018867925
2022-08-17,-0.0414204020500182,-0.0388635604150685,False,Sell,0.75
2022-08-18,-0.602,0.0019163610763015,False,Buy,0.20657276995305165
2022-08-19,0.0549719314575195,0.1372518817370207,True,Buy,0.8262910798122066
2022-08-20,0.0020427684783935,0.1215983494138583,True,Buy,0.7746478873239436
2022-08-21,-0.602,0.0792024351507534,True,Buy,0.6103286384976526
2022-08-22,-0.0053123850822448,0.0475884154856183,True,Buy,0.4460093896713615
2022-08-23,-0.0135682840347289,-0.0405019864129048,False,Sell,0.6509433962264151
2022-08-24,-0.602,-0.0311062806369915,False,Sell,0.5990566037735849
2022-08-25,-0.0754359979629516,-0.0109336441212284,False,Sell,0.8632075471698113
2022-08-26,0.0199720244407654,0.1070915357575426,False,Buy,0.7511737089201878
2022-08-27,-0.0030083079338073,0.1243035510393264,False,Buy,0.784037558685446
2022-08-28,0.0488736610412597,0.1645336582493826,True,Buy,0.8450704225352113
2022-08-29,-0.602,0.0921718397904978,False,Buy,0.676056338028169
2022-08-30,-0.602,0.1258724944479268,True,Buy,0.7887323943661971
2022-08-31,-0.0284724254608154,0.1123979771549776,True,Buy,0.7605633802816901
2022-09-01,0.0332875232696533,0.1063813985017254,False,Buy,0.7511737089201878
2022-09-02,-0.602,0.0933773946743063,True,Buy,0.6807511737089202
2022-09-03,-0.602,0.0672588994792602,True,Buy,0.5539906103286385
2022-09-04,-0.602,0.0571039636233126,True,Buy,0.5023474178403756
2022-09-05,-0.602,-0.0129153326893391,False,Sell,0.49056603773584906
2022-09-06,-0.0194326062202453,0.0912284142733743,True,Buy,0.6713615023474179
2022-09-07,-0.0022558588981628,-0.0482808105343266,True,Sell,0.6745283018867925
2022-09-08,0.0086767654418945,-0.1104444689520629,True,Buy,0.2676056338028169
2022-09-09,-0.602,-0.1187525402623982,True,Sell,0.8537735849056604
2022-09-10,-0.602,-0.0934101521293473,False,Sell,0.8018867924528302
2022-09-11,-0.602,-0.0607538431155746,False,Sell,0.7216981132075472
2022-09-12,-0.602,-0.034231323355984,False,Sell,0.6226415094339622
2022-09-13,0.0330839734077453,0.041146561399654,True,Buy,0.49295774647887325
2022-09-14,-0.602,0.0289831990367728,False,Buy,0.36619718309859156
2022-09-15,-0.602,0.0495699821752624,True,Buy,0.460093896713615
2022-09-16,0.0153254251480102,0.028171433570961,True,Buy,0.3615023474178404
2022-09-17,-0.602,0.0063623780041091,False,Buy,0.23943661971830985
2022-09-18,0.052082179069519,0.1021765697515604,True,Buy,0.7323943661971831
2022-09-19,0.0423642973899841,0.0991850447301359,True,Buy,0.7089201877934272
2022-09-20,-0.602,0.0935032120052394,False,Buy,0.6854460093896714
2022-09-21,-0.602,0.1220018242870257,True,Buy,0.7793427230046949
2022-09-22,0.0454909782409668,0.0525817385374296,True,Buy,0.6009389671361502
2022-09-23,-0.602,0.0205057324748816,False,Buy,0.3192488262910798
2022-09-24,0.0145136098861694,0.0434745376955207,False,Buy,0.4131455399061033
2022-09-25,0.0242388229370117,0.0885563265820106,True,Buy,0.6572769953051644
2022-09-26,-0.0138167757987975,0.0627716996360066,False,Buy,0.5352112676056338
2022-09-27,-0.007532956123352,0.0790059490941299,False,Buy,0.6103286384976526
2022-09-28,0.0352186541557312,0.0819596165450515,True,Buy,0.6197183098591549
2022-09-29,0.0135851483345031,0.0499908612163042,True,Buy,0.4647887323943662
2022-09-30,0.0402461867332458,0.0166993789190603,False,Buy,0.5586854460093896
2022-10-01,-0.0183272976875304,0.0352155040804322,False,Buy,0.39436619718309857
2022-10-02,0.0013927798271179,0.0604960970350263,True,Buy,0.5164319248826291
2022-10-03,0.0423183422088623,0.0426839526885882,True,Buy,0.5868544600938967
2022-10-04,-0.602,0.0072726514450931,True,Buy,0.23943661971830985
2022-10-05,0.0093633513450622,-0.0051631808950842,False,Buy,0.29577464788732394
2022-10-06,-0.602,0.0136982679690804,False,Buy,0.2535211267605634
2022-10-07,0.0164192299842834,0.0139016414163308,True,Buy,0.3568075117370892
2022-10-08,-0.602,-0.0095010905672683,True,Sell,0.4811320754716981
2022-10-09,-0.602,-0.0087065217651911,False,Sell,0.4716981132075472
2022-10-10,0.0501514058113098,0.0400166518890798,False,Buy,0.6525821596244131
2022-10-11,0.0364563446044922,0.0275775510187941,True,Buy,0.5258215962441315
2022-10-12,0.0271585564613342,0.0149618172431991,False,Buy,0.43661971830985913
2022-10-13,-0.602,0.0278921633731963,False,Buy,0.3568075117370892
2022-10-14,0.0426255445480346,0.0266905699877997,True,Buy,0.5915492957746479
2022-10-15,-0.602,0.0184322719051874,True,Buy,0.30985915492957744
2022-10-16,0.0199510436058044,-0.0103612566797759,True,Buy,0.38967136150234744
2022-10-17,-0.0172289032936096,-0.012988194797082,False,Sell,0.5754716981132075
2022-10-18,0.0514969210624695,0.0037172898346995,False,Buy,0.6572769953051644
2022-10-19,-0.602,0.0294415568420187,True,Buy,0.37089201877934275
2022-10-20,0.0142599325180053,0.027796250487617,True,Buy,0.352112676056338
2022-10-21,-0.602,0.0141213739204641,True,Buy,0.2535211267605634
2022-10-22,0.0421871523857116,0.0025646773987915,True,Buy,0.5821596244131455
2022-10-23,-0.602,-0.0177273686939116,False,Sell,0.5377358490566038
2022-10-24,-0.0142895598411559,0.011137820199607,True,Buy,0.24882629107981222
2022-10-25,-0.602,-0.0365384268971282,True,Sell,0.6367924528301887
2022-10-26,-0.602,-0.0495428508597857,False,Sell,0.6792452830188679
2022-10-27,-0.0028713960647582,-0.0481753858730051,True,Sell,0.6745283018867925
2022-10-28,0.0373334865570068,-0.069767577066359,True,Buy,0.5352112676056338
2022-10-29,-0.602,-0.0937834435846766,False,Sell,0.8066037735849056
2022-10-30,0.0491434316635132,-0.0694664637533283,False,Buy,0.6384976525821596
2022-10-31,0.0215841512680053,-0.0548971042810645,False,Buy,0.39436619718309857
2022-11-01,-0.0312370080947875,-0.050283205096819,False,Sell,0.6839622641509434
2022-11-02,-0.0449820179939269,-0.0341580452534968,True,Sell,0.7594339622641509
2022-11-03,-0.602,-0.0509729834616398,True,Sell,0.6839622641509434
2022-11-04,-0.602,-0.1122053683583533,False,Sell,0.8349056603773585
2022-11-05,-0.602,-0.104439460851577,False,Sell,0.8301886792452831
2022-11-06,-0.602,-0.0514089747786414,True,Sell,0.6839622641509434
2022-11-07,-0.0039402861595153,-0.058669403347984,False,Sell,0.7122641509433962
2022-11-08,0.0072457771301269,0.0757654781259375,False,Buy,0.6009389671361502
2022-11-09,-0.0416833777427673,0.2651765295367141,True,Buy,0.9342723004694836
2022-11-10,0.0400302391052246,0.0955553724337678,False,Buy,0.704225352112676
2022-11-11,0.0451041440963745,0.1047686593088383,False,Buy,0.7464788732394366
2022-11-12,-0.0024051089286803,0.1096767260305051,False,Buy,0.755868544600939
2022-11-13,0.0558832864761352,0.1574531924666018,True,Buy,0.8403755868544601
2022-11-14,-0.602,0.1111994426893634,True,Buy,0.755868544600939
2022-11-15,0.0582488160133362,0.1011932282159193,True,Buy,0.7276995305164319
2022-11-16,0.0415942053794861,0.1000499168469057,False,Buy,0.7230046948356808
2022-11-17,-0.602,0.1079474787672765,True,Buy,0.7511737089201878
2022-11-18,0.0351365189552307,0.0992767113928403,True,Buy,0.7136150234741784
2022-11-19,-0.602,0.0974800096624406,True,Buy,0.704225352112676
2022-11-20,0.0527423005104065,0.0970999217785659,False,Buy,0.704225352112676
2022-11-21,-0.602,0.1196689911917701,True,Buy,0.7699530516431925
2022-11-22,-0.0086994190216064,0.0510634657138444,True,Buy,0.47417840375586856
2022-11-23,-0.602,0.0086270865514836,True,Buy,0.24413145539906103
2022-11-24,-0.602,-0.015778001786322,False,Sell,0.5283018867924528
2022-11-25,0.0358771066665649,-0.018949933038074,False,Buy,0.5211267605633803
2022-11-26,-0.602,0.0034930184281507,False,Buy,0.2112676056338028
2022-11-27,-0.602,0.004906818197756,False,Buy,0.22065727699530516
2022-11-28,-0.602,0.0157628962422959,True,Buy,0.29107981220657275
2022-11-29,-0.602,0.0020339548359362,True,Buy,0.20657276995305165
2022-11-30,-0.602,-0.015558938885934,False,Sell,0.5235849056603774
2022-12-01,0.0036315302848816,-0.0157714983916137,True,Buy,0.2347417840375587
2022-12-02,-0.602,-0.0328685672143448,False,Sell,0.6084905660377359
2022-12-03,-0.602,-0.0111245598274032,True,Sell,0.4858490566037736
2022-12-04,-0.602,-0.0220221076850031,False,Sell,0.5518867924528302
2022-12-05,0.0035344343185425,-0.0158280233007688,True,Buy,0.22535211267605634
2022-12-06,-0.0084229130744933,-0.0331594886458737,False,Sell,0.6132075471698113
2022-12-07,-0.602,-0.0061103429944182,True,Sell,0.4669811320754717
2022-12-08,-0.602,-0.0300799832728352,False,Sell,0.5801886792452831
2022-12-09,0.0435000638961792,-0.0196501816561864,False,Buy,0.6009389671361502
2022-12-10,-0.602,-0.0151927481864158,False,Sell,0.5141509433962265
2022-12-11,-0.602,0.0147536029226591,False,Buy,0.26291079812206575
2022-12-12,0.0586870889663696,0.0187282193803846,True,Buy,0.7183098591549296
2022-12-13,-0.602,-0.0148706238235982,False,Sell,0.5094339622641509
2022-12-14,-0.0139694828987121,-0.0054273075160222,False,Sell,0.5660377358490566
2022-12-15,0.0327656846046447,0.0100619916375512,False,Buy,0.49295774647887325
2022-12-16,-0.602,0.0831750728559945,True,Buy,0.6338028169014085
2022-12-17,-0.602,0.0457242406526949,False,Buy,0.43661971830985913
2022-12-18,-0.602,0.066040703416383,False,Buy,0.5539906103286385
2022-12-19,-0.602,0.102737092296967,True,Buy,0.7370892018779343
2022-12-20,-0.602,0.0790974591538837,False,Buy,0.6103286384976526
2022-12-21,0.0454049091339111,0.0837985115766049,True,Buy,0.6384976525821596
2022-12-22,-0.0337322969436645,0.0697415783677404,True,Buy,0.5633802816901409
2022-12-23,-0.602,0.0494651464027533,False,Buy,0.460093896713615
2022-12-24,-0.602,0.0374001045888146,False,Buy,0.39436619718309857
2022-12-25,-0.602,0.0324908800054373,True,Buy,0.38028169014084506
2022-12-26,0.0388203840255737,0.0038820396238603,False,Buy,0.5539906103286385
2022-12-27,-0.0030398387908935,0.016656840236306,False,Buy,0.29577464788732394
2022-12-28,-0.602,0.0329242237175819,False,Buy,0.38497652582159625
2022-12-29,-0.602,0.0372970929750728,False,Buy,0.39436619718309857
2022-12-30,-0.602,0.0536734598596269,True,Buy,0.4788732394366197
2022-12-31,0.0175571422576904,0.0463999722331247,False,Buy,0.4413145539906103
2023-01-01,-0.0651046056747436,0.0375168690029528,True,Buy,0.39436619718309857
2023-01-02,-0.602,0.0152386591474691,True,Buy,0.28169014084507044
2023-01-03,0.0098634343147278,0.0057346304076375,True,Buy,0.29577464788732394
2023-01-04,-0.602,-0.0136187550548121,False,Sell,0.5
2023-01-05,0.0267285089492798,-0.0172792122670593,True,Buy,0.4272300469483568
2023-01-06,-0.602,-0.0280354524808574,False,Sell,0.5707547169811321
2023-01-07,-0.602,-0.0264424263622469,True,Sell,0.5707547169811321
2023-01-08,-0.602,-0.0430894781627386,True,Sell,0.6650943396226415
2023-01-09,0.0429193358421325,-0.0732514503970926,True,Buy,0.596244131455399
2023-01-10,0.0467419605255127,-0.0769497858245599,True,Buy,0.6150234741784038
2023-01-11,-0.602,-0.0923898691237902,True,Sell,0.8018867924528302
2023-01-12,0.0499219279289245,-0.1636610962288416,True,Buy,0.647887323943662
2023-01-13,-0.602,-0.1819747865424126,True,Sell,0.9669811320754716
2023-01-14,-0.602,-0.1778767522474617,False,Sell,0.9528301886792453
2023-01-15,-0.016234697818756,-0.157189859089198,False,Sell,0.9292452830188679
2023-01-16,-0.602,-0.1407567393756026,False,Sell,0.9056603773584906
2023-01-17,-0.602,-0.1258346100549662,False,Sell,0.8584905660377359
2023-01-18,-0.0305848140716552,-0.0946542736715804,True,Sell,0.8113207547169812
2023-01-19,0.036679027557373,-0.1083650851564528,True,Buy,0.5305164319248826
2023-01-20,-0.602,-0.1463511838047824,True,Sell,0.9245283018867925
2023-01-21,-0.602,-0.140194389305011,True,Sell,0.9056603773584906
2023-01-22,-0.602,-0.1248289954656862,True,Sell,0.8584905660377359
2023-01-23,0.0186685304641723,-0.1379198574883594,False,Buy,0.38028169014084506
2023-01-24,0.0247938017845154,-0.0982983203553266,True,Buy,0.40375586854460094
2023-01-25,-0.0112947840690612,-0.1150899102535234,True,Sell,0.8490566037735849
2023-01-26,-0.602,-0.1196491348889526,True,Sell,0.8537735849056604
2023-01-27,0.0562952737808227,-0.1284818122012399,False,Buy,0.704225352112676
2023-01-28,-0.0689190049171447,-0.1115298279807371,True,Sell,0.8537735849056604
2023-01-29,0.0265456418991089,-0.1323273666470609,False,Buy,0.41784037558685444
2023-01-30,-0.602,-0.0928363978049151,True,Sell,0.8018867924528302
2023-01-31,0.0086719970703125,-0.1050121234932464,True,Buy,0.26291079812206575
2023-02-01,0.0374296884536743,-0.124296565224018,True,Buy,0.5446009389671361
2023-02-02,-0.602,-0.1264904941178314,True,Sell,0.8632075471698113
2023-02-03,-0.037133397579193,-0.1156671294196945,True,Sell,0.8490566037735849
2023-02-04,-0.602,-0.1163705941662083,False,Sell,0.8490566037735849
2023-02-05,-0.602,-0.0890255705393607,False,Sell,0.7924528301886793
2023-02-06,0.0236047487258911,-0.0577001306530858,True,Buy,0.39906103286384975
2023-02-07,-0.602,-0.0769159851551749,False,Sell,0.7594339622641509
2023-02-08,-0.602,-0.0397113902787309,False,Sell,0.6415094339622641
2023-02-09,-0.602,0.0039855798073671,False,Buy,0.22065727699530516
2023-02-10,-0.602,0.0248228319891743,True,Buy,0.3333333333333333
2023-02-11,-0.602,0.0322113835264936,False,Buy,0.38028169014084506
2023-02-12,0.052974102973938,0.050600131561372,True,Buy,0.6619718309859155
2023-02-13,-0.602,0.0475432073569468,True,Buy,0.4413145539906103
2023-02-14,0.0543768982887268,0.0265255613227755,True,Buy,0.676056338028169
2023-02-15,0.0346515755653381,-0.0332441164295564,False,Buy,0.5164319248826291
2023-02-16,-0.602,0.0180586891973257,True,Buy,0.3051643192488263
2023-02-17,0.0345281939506531,-0.020947843914538,True,Buy,0.5117370892018779
2023-02-18,-0.602,-0.0361935420649011,False,Sell,0.6320754716981132
2023-02-19,0.0268160681724548,-0.0337837355646442,True,Buy,0.431924882629108
2023-02-20,-0.602,-0.0837749701792479,True,Sell,0.7783018867924528
2023-02-21,0.0417420845031738,-0.0771985012051894,False,Buy,0.5774647887323944
2023-02-22,0.0052326898574829,-0.0548096898013802,False,Buy,0.24882629107981222
2023-02-23,-0.0252974648475646,-0.0301657638320453,False,Sell,0.660377358490566
2023-02-24,-0.602,0.0251165335810796,True,Buy,0.3380281690140845
2023-02-25,-0.0010130424499511,0.0200977970161186,True,Buy,0.3145539906103286
2023-02-26,-0.602,0.0146460083889534,False,Buy,0.26291079812206575
2023-02-27,-0.602,0.023194102584009,False,Buy,0.3286384976525822
2023-02-28,0.031838415145874,0.0344175317108523,True,Buy,0.4835680751173709
2023-03-01,-0.0663636345863342,0.0214185414918373,False,Buy,0.3192488262910798
2023-03-02,0.0457774381637573,0.0388710529028664,False,Buy,0.6103286384976526
2023-03-03,-0.0181887168884277,0.080950984167915,False,Buy,0.6197183098591549
2023-03-04,-0.602,0.0915260337819479,False,Buy,0.676056338028169
2023-03-05,-0.602,0.0908964433068122,True,Buy,0.6666666666666666
2023-03-06,-0.602,0.0971911057329513,False,Buy,0.704225352112676
2023-03-07,0.0182741265296936,0.1134875743992591,False,Buy,0.7652582159624414
2023-03-08,-0.602,0.1652478835586401,False,Buy,0.8497652582159625
2023-03-09,0.038326976776123,0.2289200704794343,True,Buy,0.8967136150234741
2023-03-10,0.0373715143203735,0.2050507146322835,True,Buy,0.8732394366197183
2023-03-11,-0.0037891883850097,0.1703152368174691,True,Buy,0.8591549295774648
2023-03-12,-0.0062409658432006,0.0935289376122685,True,Buy,0.6854460093896714
2023-03-13,0.0550060849189758,0.0419012386508008,True,Buy,0.6901408450704225
2023-03-14,0.0377795081138611,0.0115413053124129,False,Buy,0.5539906103286385
2023-03-15,-0.0382534284591674,0.0830696674867592,True,Buy,0.6291079812206573
2023-03-16,-2.1221160888651447e-05,0.0477745296721388,True,Buy,0.4507042253521127
2023-03-17,0.0301951150894165,-0.0300998542980793,False,Buy,0.4788732394366197
2023-03-18,-0.602,0.0036320202252309,True,Buy,0.2112676056338028
2023-03-19,0.0399618725776672,-0.0458184136656733,False,Buy,0.5586854460093896
2023-03-20,0.0266357641220092,-0.0036434659117059,True,Buy,0.4225352112676056
2023-03-21,0.0405843834877014,-0.037373965788368,False,Buy,0.5586854460093896
2023-03-22,-0.0476496238708495,0.0225442417260035,True,Buy,0.3192488262910798
2023-03-23,-0.0091276783943176,0.0039832502984267,False,Buy,0.22065727699530516
2023-03-24,-0.0751932878494262,0.0452492532041994,True,Buy,0.41784037558685444
2023-03-25,-0.602,0.0296134734801385,False,Buy,0.3755868544600939
2023-03-26,-0.602,0.0263328713690822,False,Buy,0.3427230046948357
